url,price_tnd,surface_m2,rooms_s_plus,governorate,raw_location,has_garden,has_pool,has_garage,raw_text
https://www.mubawab.tn/fr/pa/7860875/appartement-%C3%A0-vendre-%C3%A0-sahloul-3-chambres-agr%C3%A9ables,3.0,156.0,,Sousse,"Prix à consulter Appartement à vendre à Sahloul. 3 chambres agréables Sahloul, Sousse 156m² 4 Pièces 3 Chambres 2 Salles de bains Jardin Terrasse Garage Ascenseur Concierge Chambre rangement Salon européen Antenne parabolique Climatisation Chauffage central Sécurité Double vitrage Porte blindée Cuisine équipée Achetez votre appartement. 3 chambres, 2 salles de bains, 156 m². 4 pièces lumineuses. 

Cet appartement est proposé à la vente à Sahloul. Confort et sécurité avec chauffage central et climatiseur , Cuisine équipée et double vitrage. Résidence parfaitement équipée avec double ascenseur et parking. Vous profiterez également d'une belle terrasse.

Contactez-nous si vous êtes intéressé par cet appartement. Équipé d'une antenne parabolique. Sécur... Contacter Appelez WhatsApp",1,0,1,"Prix à consulter Appartement à vendre à Sahloul. 3 chambres agréables Sahloul, Sousse 156m² 4 Pièces 3 Chambres 2 Salles de bains Jardin Terrasse Garage Ascenseur Concierge Chambre rangement Salon européen Antenne parabolique Climatisation Chauffage central Sécurité Double vitrage Porte blindée Cuis"
https://www.mubawab.tn/fr/pa/7937936/s2-neuf-%C3%A0-la-r%C3%A9sidence-jinene-soukra-1-chotrana-3,2.0,118.0,,,"Prix à consulter S2 Neuf à la Résidence Jinene Soukra 1 Chotrana 3 Chotrana 3, La Soukra 118m² 3 Pièces 2 Chambres 2 Salles de bains Ascenseur Façade extérieure Climatisation Chauffage central Sécurité Double vitrage Porte blindée Cuisine équipée Bienvenue à l'exceptionnel appartement S2 de 118 m², situé au premier étage de la prestigieuse Résidence Jinene Soukra 1. Cet appartement offre une solution de vie idéale au cœur de Soukra, dans un environnement dynamique et en pleine expansion.

L'appartement S2 de la Résidence Jinene Soukra 1 a été conçu avec soin pour allier praticité et élégance. Il comprend un salon lumineux, une cuisine équipée, deux chambres à coucher confortables et une... Contacter Appelez WhatsApp",0,0,0,"Prix à consulter S2 Neuf à la Résidence Jinene Soukra 1 Chotrana 3 Chotrana 3, La Soukra 118m² 3 Pièces 2 Chambres 2 Salles de bains Ascenseur Façade extérieure Climatisation Chauffage central Sécurité Double vitrage Porte blindée Cuisine équipée Bienvenue à l'exceptionnel appartement S2 de 118 m², "
https://www.mubawab.tn/fr/pa/8014762/un-joli-s2-de-106-4-m%C2%B2-avec-une-belle-terrasse-de-44m%C2%B2,,4.0,,Tunis,"475 000 TND Un joli S2 de 106.4 m² avec une belle terrasse de 44m² El Aouina, Tunis 106m² 3 Pièces 2 Chambres 2 Salles de bains Terrasse Garage Ascenseur Façade extérieure Climatisation Chauffage central Sécurité Double vitrage Porte blindée Cuisine équipée Four Iris City, notre résidence exceptionnelle, est idéalement située sur le prestigieux boulevard de l'Aouina, vous propose un s2 composé d'un salon ,une cuisine entièrement équipée et une salle d'eau pour les invités . La partie nuit loge une suite parentale avec une salle de bain privative et une chambre à coucher . Une terrasse de 44.4 m²  vous offre une vue agréable et dégagée .
Place de parking sous-sol est à votre disposition en sus Contacter Appelez WhatsApp",0,0,1,"475 000 TND Un joli S2 de 106.4 m² avec une belle terrasse de 44m² El Aouina, Tunis 106m² 3 Pièces 2 Chambres 2 Salles de bains Terrasse Garage Ascenseur Façade extérieure Climatisation Chauffage central Sécurité Double vitrage Porte blindée Cuisine équipée Four Iris City, notre résidence exceptionn"
https://www.mubawab.tn/fr/a/8377473/%C3%A0-vendre-%E2%80%93-duplex-haut-standing-%C3%A0-sidi-daoud,,150.0,,,"550 000 TND À vendre – Duplex haut standing à Sidi Daoud Sidi Daoued, La Marsa Baisse du prix 30 000 TND 150m² 3 Pièces 2 Chambres 2 Salles de bains Terrasse Concierge Climatisation Chauffage central Sécurité Double vitrage Porte blindée Cuisine équipée Four À vendre à Sidi Daoud, un duplex situé au 1er étage d'une résidence en R2. Ce bien bénéficie d'une belle luminosité et d'une vue dégagée. Le 1er niveau comprend un salon lumineux avec balcon, une cuisine ouverte entièrement équipée avec séchoir ainsi qu'une salle d'eau pour les invités. Le 2ᵉ niveau se compose de deux chambres à coucher et d'une salle de douche commune. Le duplex est équipé du chauffage central et de la climatisation pour un conf... Contacter Appelez WhatsApp",0,0,0,"550 000 TND À vendre – Duplex haut standing à Sidi Daoud Sidi Daoued, La Marsa Baisse du prix 30 000 TND 150m² 3 Pièces 2 Chambres 2 Salles de bains Terrasse Concierge Climatisation Chauffage central Sécurité Double vitrage Porte blindée Cuisine équipée Four À vendre à Sidi Daoud, un duplex situé au"
https://www.mubawab.tn/fr/a/8364121/%C3%A0-vendre-%E2%80%93-appartement-s1-direct-promoteur,,80.0,,Tunis,"326 000 TND À vendre – appartement s1 direct promoteur El Aouina, Tunis 80m² 2 Pièces 1 Ch. 1 Salle de bain Terrasse Garage Ascenseur Concierge Façade extérieure Antenne parabolique Climatisation Chauffage central Sécurité Double vitrage Porte blindée Cuisine équipée Four Hive Real Estate vous propose un appartement S1 direct promoteur situé à La Nouvelle Soukra, dans une résidence de standing en R8. D’une superficie de 80 m², ce bien est situé au 1er étage et se compose d’un salon, d’une chambre, d’une salle d’eau ainsi que d’une cuisine équipée. Cet appartement offre un cadre de vie moderne, confortable et idéal aussi bien pour un investissement que pour une résidence principale Contacter Appelez WhatsApp",0,0,1,"326 000 TND À vendre – appartement s1 direct promoteur El Aouina, Tunis 80m² 2 Pièces 1 Ch. 1 Salle de bain Terrasse Garage Ascenseur Concierge Façade extérieure Antenne parabolique Climatisation Chauffage central Sécurité Double vitrage Porte blindée Cuisine équipée Four Hive Real Estate vous propo"
https://www.mubawab.tn/fr/a/8369397/%C3%A0-vendre-%E2%80%93-usine-exceptionnelle-%C3%A0-m%C3%A9grine,,5000.0,,,"5 500 000 TND À vendre – usine exceptionnelle à mégrine Zone Industrielle Saint Gobin, Mégrine 5000m² 1 Pièce 1 Ch. 1 Salle de bain Garage Concierge Climatisation Chauffage central Sécurité Opportunité rare signée Hive Real Estate, destinée aux investisseurs, industriels et promoteurs à la recherche d’un bien stratégique.

Nous mettons en vente une usine de grande envergure située à Mégrine, bénéficiant d’un emplacement idéal pour une activité industrielle, logistique ou pour l’installation d’un siège d’entreprise.

Le bien est édifié sur un terrain de 5 000 m² avec une superficie couverte d’environ 4 200 m². Il comprend un sièg... Contacter Appelez WhatsApp",0,0,1,"5 500 000 TND À vendre – usine exceptionnelle à mégrine Zone Industrielle Saint Gobin, Mégrine 5000m² 1 Pièce 1 Ch. 1 Salle de bain Garage Concierge Climatisation Chauffage central Sécurité Opportunité rare signée Hive Real Estate, destinée aux investisseurs, industriels et promoteurs à la recherche"
https://www.mubawab.tn/fr/a/8389827/nouvelle-r%C3%A9sidence-%E2%80%93-vente-sur-plan,,125.0,,Tunis,"Prix à consulter Nouvelle résidence – vente sur plan Cité El Khadra, Tunis 125m² 3 Pièces 2 Chambres 2 Salles de bains Terrasse Garage Ascenseur Concierge Façade extérieure Antenne parabolique Climatisation Chauffage central Sécurité Double vitrage Porte blindée Cuisine équipée Réfrigérateur Four Découvrez notre nouvelle résidence R5, idéalement située sur l'avenue Louis Braille. Ce projet propose des appartements S1, S2 et S3 avec différentes superficies, adaptés à tous les besoins. Le rez-de-chaussée est entièrement dédié aux locaux commerciaux, offrant un emplacement stratégique pour les professionnels et les investisseurs. À l'occasion du lancement de la première tranche de commercialisation, profitez de prix préférentiels et réservez... Contacter Appelez WhatsApp",0,0,1,"Prix à consulter Nouvelle résidence – vente sur plan Cité El Khadra, Tunis 125m² 3 Pièces 2 Chambres 2 Salles de bains Terrasse Garage Ascenseur Concierge Façade extérieure Antenne parabolique Climatisation Chauffage central Sécurité Double vitrage Porte blindée Cuisine équipée Réfrigérateur Four Dé"
https://www.mubawab.tn/fr/a/8422566/bel-appartement-%C3%A0-vendre-2-chambres-bien-meubl%C3%A9,,97.0,,,"235 000 TND Bel appartement à vendre. 2 chambres. Bien meublé Hammam El Ghezaz 97m² 2 Chambres 1 Salle de bain Meublé Salon européen Antenne parabolique Climatisation Sécurité Cet appartement moderne à vendre à Hammam El Ghezaz se distingue par son emplacement privilégié et ses équipements haut de gamme. Avec une surface de 97 m², il est situé au rez-de-chaussée, offrant ainsi un accès direct et pratique. Ce bien immobilier, âgé de moins d'un an, est orienté à l'est, garantissant une luminosité optimale tout au long de la matinée.

L'intérieur de l'appartement est conçu avec des matériaux de qualité, le sol est en carr... Contacter Appelez WhatsApp",0,0,0,235 000 TND Bel appartement à vendre. 2 chambres. Bien meublé Hammam El Ghezaz 97m² 2 Chambres 1 Salle de bain Meublé Salon européen Antenne parabolique Climatisation Sécurité Cet appartement moderne à vendre à Hammam El Ghezaz se distingue par son emplacement privilégié et ses équipements haut de g
https://www.mubawab.tn/fr/pa/8397971/appartement-%C3%A0-l-achat-%C3%A0-la-soukra-ville-2-chambres-agr%C3%A9ables,2.0,82.0,,Tunis,"Prix à consulter Appartement à l'achat à La Soukra Ville. 2 chambres agréable... La Soukra Ville, La Soukra 82m² 2 Chambres 2 Salles de bains # Résidence SILA 7 – Une nouvelle signature d'exception à La Soukra

*Découvrez Résidence SILA 7, une résidence haut standing en R+2 située au cœur de **La Soukra*, l'une des adresses les plus prisées du Grand Tunis. Conçue pour répondre aux attentes d'une clientèle exigeante, SILA 7 allie architecture contemporaine, prestations haut de gamme et emplacement stratégique.

Pensée comme un véritable lieu de vie, la résidence réunit des *appartem... Contacter Appelez WhatsApp",0,0,0,"Prix à consulter Appartement à l'achat à La Soukra Ville. 2 chambres agréable... La Soukra Ville, La Soukra 82m² 2 Chambres 2 Salles de bains # Résidence SILA 7 – Une nouvelle signature d'exception à La Soukra

*Découvrez Résidence SILA 7, une résidence haut standing en R+2 située au cœur de **La "
https://www.mubawab.tn/fr/a/8390870/un-s-2-%C3%A0-cite-wahat,,85.0,,Zaghouan,"230 000 TND Un S 2 à Cite Wahat Ain Zaghouan Nord, La Marsa 85m² 3 Pièces 2 Chambres 1 Salle de bain Terrasse Garage Ascenseur Concierge Façade extérieure Salon européen Antenne parabolique Climatisation Chauffage central Sécurité Cuisine équipée A vendre un appartement au 6 eme étage d'une résidence (R7) équipée d'un ascenseur biensûr.

Il est composé:
- Un vaste salon donnant sur une terrasse.
- 02 chambres à coucher avec dressing.
- Une salle de bain avec baignoire 
- une cuisine équipée et assez vaste donnant sur un séchoir avec une petite cuisine à l'extérieur. 
- 02 Places parking sous sol.
Équipé en chauffage central et climatisation et proche de toutes les commodités.
La... Contacter Appelez WhatsApp",0,0,1,"230 000 TND Un S 2 à Cite Wahat Ain Zaghouan Nord, La Marsa 85m² 3 Pièces 2 Chambres 1 Salle de bain Terrasse Garage Ascenseur Concierge Façade extérieure Salon européen Antenne parabolique Climatisation Chauffage central Sécurité Cuisine équipée A vendre un appartement au 6 eme étage d'une résidenc"
https://www.mubawab.tn/fr/pa/8370170/vend-appartement-%C3%A0-zone-touristique,,82.0,2,Mahdia,"294 264 TND Vend appartement à Zone Touristique Zone Touristique, Mahdia 82m² 3 Pièces 2 Chambres 1 Salle de bain Garage Ascenseur Climatisation Chauffage central Sécurité Cuisine équipée Découvrez cet appartement S+2 de 81,71 m² au sein de la Résidence Emna House, idéalement située dans la Zone Touristique de Mahdia, à quelques minutes de la plage et à proximité de toutes les commodités.

Conçu pour offrir un cadre de vie confortable et fonctionnel, cet appartement bénéficie d'un agencement optimisé comprenant un salon lumineux, une chambre à coucher, une cuisine pratique et une salle de bain moderne. Les finitions soignées et... Contacter Appelez WhatsApp",0,0,1,"294 264 TND Vend appartement à Zone Touristique Zone Touristique, Mahdia 82m² 3 Pièces 2 Chambres 1 Salle de bain Garage Ascenseur Climatisation Chauffage central Sécurité Cuisine équipée Découvrez cet appartement S+2 de 81,71 m² au sein de la Résidence Emna House, idéalement située dans la Zone Tou"
https://www.mubawab.tn/fr/pa/8153029/superbe-s1-de-80-m2-en-rdc-avec-un-jardin-de-26-m,,80.0,1,,"379 000 TND Superbe S1 de 80 m2 en RDC avec un jardin de 26 m La Soukra Ville, La Soukra 81m² 2 Pièces 1 Ch. 1 Salle de bain Jardin Terrasse Garage Concierge Chambre rangement Salon européen Antenne parabolique Climatisation Chauffage central Sécurité Double vitrage Porte blindée Cuisine équipée Four Cet appartement  S+1  de 81 m2 en rez de chaussée dispose d’un jardin et  d’une terrasse  aménagée de  26  m2 . Salon avec  cuisine ouverte   entièrement aménagée et équipée de four, plaque et hotte avec éléments de rangements en double hauteur ,  1 chambre à coucher, une salle d'eau avec douche à l’italienne  XXL ,  dressings aménagés ,séchoir,  avec une place de parking en sous-sol.
Prestations haut standing : 
Revêtements et matériaux : 
Gr... Contacter Appelez WhatsApp",1,0,1,"379 000 TND Superbe S1 de 80 m2 en RDC avec un jardin de 26 m La Soukra Ville, La Soukra 81m² 2 Pièces 1 Ch. 1 Salle de bain Jardin Terrasse Garage Concierge Chambre rangement Salon européen Antenne parabolique Climatisation Chauffage central Sécurité Double vitrage Porte blindée Cuisine équipée Fou"
https://www.mubawab.tn/fr/a/8372749/a-vendre-un-penthouse-s3-avec-piscine-%C3%A0-gammarth,3.0,250.0,,,"Prix à consulter A vendre un penthouse S3 avec piscine à Gammarth Gammarth Village, La Marsa 250m² 1 Pièce 3 Chambres 3 Salles de bains Terrasse Garage Ascenseur Piscine Chambre rangement Salon européen Antenne parabolique Climatisation Chauffage central Sécurité Double vitrage Porte blindée Cuisine équipée Réfrigérateur Four Micro-ondes Zephyr Immo vous propose à la vente un magnifique penthouse S3 avec piscine, situé au 1er étage d’une résidence calme et sécurisée à Gammarth .
Ce bien se compose d’un spacieux salon ouvrant sur une terrasse avec piscine, d’une salle d’eau invités, d’une cuisine équipée (plaque, hotte et four) avec séchoir, de deux chambres à coucher avec dressings partageant une salle de bain, ainsi que d’une suite parentale avec dressing et salle d’eau privati... Contacter Appelez WhatsApp",0,1,1,"Prix à consulter A vendre un penthouse S3 avec piscine à Gammarth Gammarth Village, La Marsa 250m² 1 Pièce 3 Chambres 3 Salles de bains Terrasse Garage Ascenseur Piscine Chambre rangement Salon européen Antenne parabolique Climatisation Chauffage central Sécurité Double vitrage Porte blindée Cuisine"
https://www.mubawab.tn/fr/a/8363383/a-vendre-appartement-s2-%C3%A0-la-marsa,,134.0,,,"790 000 TND A vendre appartement S2 à la Marsa Sidi Daoued, La Marsa 134m² 1 Pièce 2 Chambres 2 Salles de bains Terrasse Garage Ascenseur Concierge Salon européen Antenne parabolique Climatisation Chauffage central Sécurité Double vitrage Porte blindée Cuisine équipée Four Micro-ondes Zephyr Immo vous propose à la vente un magnifique appartement S2 situé au 3ᵉ étage d’une résidence calme, sécurisée et de haut standing à La Marsa.
D’une superficie totale de 134 m², cet appartement moderne séduit par ses volumes généreux, sa luminosité et ses prestations premium.
La partie jour se compose d’un grand salon lumineux ouvrant sur une terrasse couverte de 9 m², offrant une agréable vue sur la Cathédrale Saint-Louis de Carthage, ain... Contacter Appelez WhatsApp",0,0,1,"790 000 TND A vendre appartement S2 à la Marsa Sidi Daoued, La Marsa 134m² 1 Pièce 2 Chambres 2 Salles de bains Terrasse Garage Ascenseur Concierge Salon européen Antenne parabolique Climatisation Chauffage central Sécurité Double vitrage Porte blindée Cuisine équipée Four Micro-ondes Zephyr Immo vo"
https://www.mubawab.tn/fr/pa/8388374/superbe-appartement-%C3%A0-vendre-2-chambres,,143.0,,Tunis,"510 000 TND Superbe appartement à vendre. 2 chambres Zaouiet, Sousse Ville 143m² 2 Chambres 2 Salles de bains Résidence Salma* – La Corniche, Sousse

Une réalisation signée **Kortine Immobilière**

Présentation Générale

Ancrée sur l'un des littoraux les plus prisés de Tunisie, la *Résidence Salma* incarne l'alliance parfaite entre élégance architecturale, confort moderne et sécurité. Ce projet résidentiel de très haut standing à la *Corniche de Sousse* offre un cadre de vie exclusif ""pieds dans l'eau"", pensé pour une clientèle en quête de raffinem... Contacter Appelez WhatsApp",0,0,0,"510 000 TND Superbe appartement à vendre. 2 chambres Zaouiet, Sousse Ville 143m² 2 Chambres 2 Salles de bains Résidence Salma* – La Corniche, Sousse

Une réalisation signée **Kortine Immobilière**

Présentation Générale

Ancrée sur l'un des littoraux les plus prisés de Tunisie, la *Résidence S"
https://www.mubawab.tn/fr/a/8414403/%C3%A0-vendre-%E2%80%93-appartement-s2-avec-jardin-%C3%A0-sidi-daoued,,185.0,,,"680 000 TND À VENDRE – Appartement S2 avec Jardin à Sidi Daoued Sidi Daoued, La Marsa 185m² 2 Chambres 2 Salles de bains Jardin Garage Vue sur les montagnes Concierge Climatisation Chauffage central Cuisine équipée À VENDRE – Appartement S2 avec Jardin à Sidi Daoued 

 Situé dans une résidence calme et sécurisée à Sidi Daoued, cet agréable appartement bénéficie d’un beau jardin privatif et d’un espace extérieur idéal pour profiter en famille.

 Superficie :
•  Terrain : 185 m²
•  Bâti : 120 m²
•  Jardin : 65 m²

 Composition :
• ️ Salon
• ️ Salle à manger
• ️ 2 chambres à coucher
•  Salle de bain
•  Salle d’eau pour les invités
• ‍ Cuisine équipée
• ️ Clim... Contacter Appelez WhatsApp",1,0,1,"680 000 TND À VENDRE – Appartement S2 avec Jardin à Sidi Daoued Sidi Daoued, La Marsa 185m² 2 Chambres 2 Salles de bains Jardin Garage Vue sur les montagnes Concierge Climatisation Chauffage central Cuisine équipée À VENDRE – Appartement S2 avec Jardin à Sidi Daoued 

 Situé dans une résidence calme"
https://www.mubawab.tn/fr/a/8413740/%C3%A0-vendre-%E2%80%93-appartement-s3-%C3%A0-la-soukra,,190.0,,,"760 000 TND À VENDRE – Appartement S3 à La Soukra La Soukra Ville, La Soukra 190m² 3 Chambres 3 Salles de bains Terrasse Garage Ascenseur Concierge Chambre rangement Climatisation Chauffage central Sécurité Porte blindée Cuisine équipée À VENDRE – Appartement S3 à La Soukra 

 Situé dans une résidence calme et sécurisée à La Soukra, cet appartement bénéficie d’une excellente orientation sur deux côtés et d’un environnement très paisible, à l’écart de la rue.

 Superficie totale : 190 m²

 Composition :
️ Salon ouvrant sur un balcon
️ Salle à manger
️ Suite parentale avec salle de douche
️ Deux chambres à coucher
 Salle de bain commune
 Cuisine équipée
 Salle d’eau pour les invi... Contacter Appelez WhatsApp",0,0,1,"760 000 TND À VENDRE – Appartement S3 à La Soukra La Soukra Ville, La Soukra 190m² 3 Chambres 3 Salles de bains Terrasse Garage Ascenseur Concierge Chambre rangement Climatisation Chauffage central Sécurité Porte blindée Cuisine équipée À VENDRE – Appartement S3 à La Soukra 

 Situé dans une résiden"
https://www.mubawab.tn/fr/pa/8202229/fabuleux-s2-de-122-70-m%C2%B2-et-au-1-er-%C3%A9tage,,70.0,2,Sousse,"380 000 TND Fabuleux S2 de 122,70 m² et au 1 er étage Sahloul, Sousse 121m² 3 Pièces 2 Chambres 2 Salles de bains Terrasse Ascenseur Concierge Chambre rangement Salon européen Antenne parabolique Climatisation Chauffage central Sécurité Double vitrage Porte blindée Cuisine équipée Four Découvrez ce bel appartement S+2 offrant des espaces bien agencés et confortables :

Un salon lumineux avec salle à manger,

Deux chambres accueillantes avec dressing,

Une salle de bain moderne et une salle d’eau indépendante,

Une cuisine fonctionnelle,

Un balcon agréable pour vos moments de détente.

Un logement qui allie praticité, confort et convivialité, idéal pour une vie quotidienne harmonieuse Contacter Appelez WhatsApp",0,0,0,"380 000 TND Fabuleux S2 de 122,70 m² et au 1 er étage Sahloul, Sousse 121m² 3 Pièces 2 Chambres 2 Salles de bains Terrasse Ascenseur Concierge Chambre rangement Salon européen Antenne parabolique Climatisation Chauffage central Sécurité Double vitrage Porte blindée Cuisine équipée Four Découvrez ce "
https://www.mubawab.tn/fr/a/8407297/s3-au-kram,,120.0,,,"548 700 TND S3 au Kram Le Kram 120m² 4 Pièces 3 Chambres 2 Salles de bains Terrasse Garage Ascenseur Concierge Façade extérieure Climatisation Chauffage central Sécurité Double vitrage Porte blindée Cuisine équipée Four L'agence immobilière Clésidence vous propose à la vente un superbe appartement de type S3, idéalement situé dans un quartier calme, résidentiel et sécurisé au Kram.

il se compose de : 
Un salon spacieux, baigné de lumière naturelle
Trois chambres à coucher confortables, toutes équipées de dressings fonctionnels, de la climatisation et du chauffage central.
Une cuisine entièrement équipée et aménagée
Une salle de bain avec douche à l'italie... Contacter Appelez WhatsApp",0,0,1,548 700 TND S3 au Kram Le Kram 120m² 4 Pièces 3 Chambres 2 Salles de bains Terrasse Garage Ascenseur Concierge Façade extérieure Climatisation Chauffage central Sécurité Double vitrage Porte blindée Cuisine équipée Four L'agence immobilière Clésidence vous propose à la vente un superbe appartement d
https://www.mubawab.tn/fr/a/8397965/s3-avec-s%C3%A9jour-204-m%C2%B2-aux-jardins-de-carthage,,204.0,,Tunis,"810 000 TND S3 avec séjour 204 m² aux Jardins de Carthage Les Jardins de Carthage, La Marsa 204m² 4 Pièces 3 Chambres 2 Salles de bains Terrasse Garage Concierge Climatisation Chauffage central Sécurité Double vitrage Cuisine équipée Four Darcom Tunisia met à la vente un spacieux s3 avec séjour, situé au RDC dans une petite résidence aux Jardins de Carthage, cet agréable S3 offre de beaux volumes, une terrasse et de nombreux espaces de rangement.

-spacieux salon ouvrant sur un séjour
-terrasse
-hall avec plusieurs espaces de rangement et dressings
-cuisine aménagée et équipée avec séchoir
-deux chambres à coucher avec dressings, partageant une salle de bain jacuzzi
-suite... Contacter Appelez WhatsApp",0,0,1,"810 000 TND S3 avec séjour 204 m² aux Jardins de Carthage Les Jardins de Carthage, La Marsa 204m² 4 Pièces 3 Chambres 2 Salles de bains Terrasse Garage Concierge Climatisation Chauffage central Sécurité Double vitrage Cuisine équipée Four Darcom Tunisia met à la vente un spacieux s3 avec séjour, sit"
https://www.mubawab.tn/fr/a/8022781/s2-neuf-aux-jardins-de-carthage,,103.0,,Tunis,"595 000 TND S2 neuf aux Jardins de Carthage Les Jardins de Carthage, La Marsa 103m² 3 Pièces 2 Chambres 1 Salle de bain Terrasse Garage Ascenseur Piscine Concierge Climatisation Chauffage central Sécurité Double vitrage Cuisine équipée Four Darcom Tunisia met à la vente un joli S2 neuf d’une superficie de 100 m², situé dans une petite résidence gardée et sécurisée avec Piscine, dotée d’un bon emplacement aux Jardins de Carthage.  
Il se compose d’un salon avec balcon, une cuisine indépendante aménagée et équipée (Hotte, Plaque, Four), deux chambres à coucher chacune avec dressing et une salle de bain.
Place parking sous-sol : 25.000 DT
Si vous souhaitez visiter le bien n’hésitez... Contacter Appelez WhatsApp",0,1,1,"595 000 TND S2 neuf aux Jardins de Carthage Les Jardins de Carthage, La Marsa 103m² 3 Pièces 2 Chambres 1 Salle de bain Terrasse Garage Ascenseur Piscine Concierge Climatisation Chauffage central Sécurité Double vitrage Cuisine équipée Four Darcom Tunisia met à la vente un joli S2 neuf d’une superfi"
https://www.mubawab.tn/fr/a/8357825/ente-appartement-vue-sur-mer-blue-s2,,180.0,,Tunis,"1 300 000 TND Ente Appartement Vue Sur Mer Blue S2 Hammamet Nord, Hammamet 180m² 3 Pièces 2 Chambres 3 Salles de bains Terrasse Garage Ascenseur Climatisation Chauffage central Cuisine équipée Vision Immobilière Tunisie, met en vente, cet appartement qui se situe à Hammamet centre au 1er étage dans une résidence. L'entrée donne sur un salon  lumineux grâce à ses fenêtres qui possèdent un accès au terrasse qui possède une vue panoramique sur la mer. une cuisine est bien équipée par plusieurs éléments de rangement. une salle d'eau pour les invités. Le compartiment nuit dispose deux suites parentale avec des dressing. L’appartement est en... Contacter Appelez WhatsApp",0,0,1,"1 300 000 TND Ente Appartement Vue Sur Mer Blue S2 Hammamet Nord, Hammamet 180m² 3 Pièces 2 Chambres 3 Salles de bains Terrasse Garage Ascenseur Climatisation Chauffage central Cuisine équipée Vision Immobilière Tunisie, met en vente, cet appartement qui se situe à Hammamet centre au 1er étage dans "
https://www.mubawab.tn/fr/a/8421175/appartement-s2-neuf-jamais-habit%C3%A9-%C3%A0-vendre,,106.0,,,"275 000 TND Appartement S2 neuf, jamais habité, à vendre Msaken 106m² 7 Pièces 2 Chambres 2 Salles de bains Garage Ascenseur Climatisation Chauffage central Sécurité Double vitrage Cuisine équipée Four Un bel appartement S2 d’une superficie de 106 m², situé au 2 étage d’une résidence avec ascenseur.

L’appartement offre un cadre de vie confortable et fonctionnel et se compose de deux chambres à coucher, chacune équipée de placards intégrés, d’un salon lumineux ainsi que d’une cuisine entièrement équipée avec placards, hotte aspirante, plaque de cuisson et four. Il dispose également de deux points d’eau, du chauffage central et de trois climat... Contacter Appelez WhatsApp",0,0,1,"275 000 TND Appartement S2 neuf, jamais habité, à vendre Msaken 106m² 7 Pièces 2 Chambres 2 Salles de bains Garage Ascenseur Climatisation Chauffage central Sécurité Double vitrage Cuisine équipée Four Un bel appartement S2 d’une superficie de 106 m², situé au 2 étage d’une résidence avec ascenseur."
https://www.mubawab.tn/fr/pa/8185308/superbe-appartement-%C3%A0-vendre-%C3%A0-aouina-surface-de-124-m%C2%B2,124.0,124.0,,Tunis,"Prix à consulter Superbe appartement à vendre à Aouina. Surface de 124 m² El Aouina, Tunis 121m² 3 Pièces 2 Chambres 2 Salles de bains Garage Ascenseur Concierge Chambre rangement Salon européen Antenne parabolique Climatisation Chauffage central Sécurité Double vitrage Porte blindée Cuisine équipée Découvrez cet appartement à vendre. 2 chambres, 2 salles de bains, superficie 124 m². 3 pièces lumineuses. Nouveau.

Cet appartement est proposé à la vente à Aouina. Équipé d'une antenne parabolique et d'une porte blindée. La résidence est sécurisée. Nombreux équipements dont climatisation. La résidence dispose également d'un service de conciergerie.

Contactez-nous pour visiter cet appartement à vendre. Parfaitement équipé avec chauffage central... Contacter Appelez WhatsApp",0,0,1,"Prix à consulter Superbe appartement à vendre à Aouina. Surface de 124 m² El Aouina, Tunis 121m² 3 Pièces 2 Chambres 2 Salles de bains Garage Ascenseur Concierge Chambre rangement Salon européen Antenne parabolique Climatisation Chauffage central Sécurité Double vitrage Porte blindée Cuisine équipée"
https://www.mubawab.tn/fr/a/8428106/la-soukra-appartement-s2-a-vendre,,125.0,,,"400 000 TND La soukra: appartement s2 a vendre La Soukra Ville, La Soukra 125m² 2 Chambres 2 Salles de bains Terrasse Garage Ascenseur Climatisation Chauffage central Sécurité Double vitrage Porte blindée Cuisine équipée L’agence #MON_RÈSEAU met la vente d'un appartement s2  de 125 m2 au 2éme étage  avec  ascenseur dans une résidence en R2 gardée et sécurisée proches de toutes commodités.

Il se compose d’: 
-Un salon salke a manger avec Balcon 
-Une cuisine équipée avec séchoir 
-Deux chambres à couche  avec dressing 
-Une salle de Bain 
- Une salle d’eau 
-  Chauffage central
- Climatisation 
- Une place parking sous sol 
- Gardiennage et syndic 

Prix de vent... Contacter Appelez WhatsApp",0,0,1,"400 000 TND La soukra: appartement s2 a vendre La Soukra Ville, La Soukra 125m² 2 Chambres 2 Salles de bains Terrasse Garage Ascenseur Climatisation Chauffage central Sécurité Double vitrage Porte blindée Cuisine équipée L’agence #MON_RÈSEAU met la vente d'un appartement s2  de 125 m2 au 2éme étage "
https://www.mubawab.tn/fr/a/8428099/ennasr-1-%C3%A0-vendre-%E2%80%94-%C3%A9l%C3%A9gant-appartement-s2,,100.0,,Ariana,"285 000 TND Ennasr 1: à vendre — élégant appartement s2 Cité Ennasr 1, Ariana 100m² 2 Chambres 1 Salle de bain Garage Ascenseur Climatisation Chauffage central Double vitrage Porte blindée Cuisine équipée L’Agence Mon Réseau Immobilier vous propose à la vente ce bel appartement S2 de 100 m2 , situé au 4ᵉ étage d’une résidence gardée avec ascenseur, dans un quartier résidentiel calme, agréable et à proximité immédiate de toutes les commodités.

L'appartement se compose d' 
-  un salon sallon à manger 
- 02 chambres à coucher, 
- Cuisine équipée 
- salle de bain
- Place de parking  au sous-sol
- Climatisation dans le salon
 - Chauffage central
- Ga... Contacter Appelez WhatsApp",0,0,1,"285 000 TND Ennasr 1: à vendre — élégant appartement s2 Cité Ennasr 1, Ariana 100m² 2 Chambres 1 Salle de bain Garage Ascenseur Climatisation Chauffage central Double vitrage Porte blindée Cuisine équipée L’Agence Mon Réseau Immobilier vous propose à la vente ce bel appartement S2 de 100 m2 , situé "
https://www.mubawab.tn/fr/pa/8185307/vente-d-un-bel-appartement-%C3%A0-aouina-superficie-121-m%C2%B2,121.0,121.0,,Tunis,"Prix à consulter Vente d'un bel appartement à Aouina. Superficie 121 m² El Aouina, Tunis 88m² 3 Pièces 2 Chambres 1 Salle de bain Garage Concierge Chambre rangement Salon européen Antenne parabolique Climatisation Chauffage central Sécurité Double vitrage Porte blindée Cuisine équipée Faites une belle affaire en achetant cet appartement. 2 chambres à coucher, 2 salles de bains, 121 m². 3 pièces. Nouveau.

Cet appartement est proposé à la vente à Aouina. Parfaitement équipé avec porte blindée, chauffage central et double vitrage. Équipé d'une parabole. La résidence est sécurisée.

Soyez le premier à visiter cet appartement en vente. Confort et sécurité avec service de conciergerie et climatisation. Cuisine équipée. Parking Contacter Appelez WhatsApp",0,0,1,"Prix à consulter Vente d'un bel appartement à Aouina. Superficie 121 m² El Aouina, Tunis 88m² 3 Pièces 2 Chambres 1 Salle de bain Garage Concierge Chambre rangement Salon européen Antenne parabolique Climatisation Chauffage central Sécurité Double vitrage Porte blindée Cuisine équipée Faites une bel"
https://www.mubawab.tn/fr/pa/8185300/vente-d-un-bel-appartement-%C3%A0-aouina-surface-de-112-m%C2%B2,112.0,112.0,,Tunis,"Prix à consulter Vente d'un bel appartement à Aouina. Surface de 112 m² El Aouina, Tunis 109m² 3 Pièces 2 Chambres 2 Salles de bains Garage Ascenseur Concierge Chambre rangement Salon européen Antenne parabolique Climatisation Chauffage central Sécurité Double vitrage Porte blindée Cuisine équipée Ne laissez pas passer cet appartement à vendre. 3 pièces, 2 salles de bains privatives, 112 m². 2 chambres à coucher. Nouveau.

Cet appartement est proposé à la vente à Aouina. Confort et sécurité avec chauffage central, porte blindée et double vitrage. La résidence dispose de places de Parking et d'un ascenseur.

Soyez le premier à visiter cet appartement en vente. Équipé d'une antenne parabolique. Sécurité dans la résidence. Appréciez le confor... Contacter Appelez WhatsApp",0,0,1,"Prix à consulter Vente d'un bel appartement à Aouina. Surface de 112 m² El Aouina, Tunis 109m² 3 Pièces 2 Chambres 2 Salles de bains Garage Ascenseur Concierge Chambre rangement Salon européen Antenne parabolique Climatisation Chauffage central Sécurité Double vitrage Porte blindée Cuisine équipée N"
https://www.mubawab.tn/fr/a/8312666/a-vendre-un-appartement-s3-%C3%A0-mrezga,3.0,117.0,,Nabeul,"Prix à consulter A vendre un appartement S3 à Mrezga Nabeul, Nabeul 117m² 6 Pièces 3 Chambres 1 Salle de bain IMMOTEAM vous propose un appartement S3 à Mrezga , prés de rond-point khayam 
Avec un titre bleu individuel 
Pour plus d'informations contactez Ameni
Visite gratuite et disponible 7/7 Contacter Appelez WhatsApp",0,0,0,"Prix à consulter A vendre un appartement S3 à Mrezga Nabeul, Nabeul 117m² 6 Pièces 3 Chambres 1 Salle de bain IMMOTEAM vous propose un appartement S3 à Mrezga , prés de rond-point khayam 
Avec un titre bleu individuel 
Pour plus d'informations contactez Ameni
Visite gratuite et disponible 7/7 Con"
https://www.mubawab.tn/fr/a/8428032/bel-appartement-%C3%A0-vendre-au-centre-de-sebai-superficie-120-m%C2%B2-jardin,,120.0,,Mahdia,"145 000 TND Bel appartement à vendre au centre de Sebai. Superficie 120... Merkez Sebai, Sakiet Eddaier 120m² 5 Pièces 5 Chambres 1 Salle de bain Jardin Maison indépendante à vendre sur la route de Mahdia km 10 
Superficie totale 225 mètres carrés 
Superficie construite 120 mètres carrés 
Salon et trois chambres intermédiaires et cuisine 
Et un garage et deux vérandas 
Dessin arabe
À 300 m de la route principale 
Prix 145 millions négociable
Pour les demandes 
44402077 Contacter Appelez WhatsApp",1,0,1,"145 000 TND Bel appartement à vendre au centre de Sebai. Superficie 120... Merkez Sebai, Sakiet Eddaier 120m² 5 Pièces 5 Chambres 1 Salle de bain Jardin Maison indépendante à vendre sur la route de Mahdia km 10 
Superficie totale 225 mètres carrés 
Superficie construite 120 mètres carrés 
Salon e"
https://www.mubawab.tn/fr/pa/8185311/superbe-appartement-%C3%A0-vendre-%C3%A0-aouina-3-chambres,3.0,162.0,,Tunis,"Prix à consulter Superbe appartement à vendre à Aouina. 3 chambres El Aouina, Tunis 162m² 4 Pièces 3 Chambres 3 Salles de bains Garage Ascenseur Concierge Chambre rangement Salon européen Antenne parabolique Climatisation Chauffage central Sécurité Double vitrage Porte blindée Cuisine équipée Faites une belle affaire en achetant cet appartement. 4 pièces, 3 salles de bains, surface 162 m². 3 chambres à coucher. Nouveau.

Venez découvrir cet appartement à vendre à Aouina. Confort et sécurité avec chauffage central, porte blindée et double vitrage. Équipé d'une parabole. La résidence est sécurisée.

Contactez-nous pour visiter cet appartement à vendre. Ascenseur et garage dans la résidence. Confort et sécurité avec service de concierger... Contacter Appelez WhatsApp",0,0,1,"Prix à consulter Superbe appartement à vendre à Aouina. 3 chambres El Aouina, Tunis 162m² 4 Pièces 3 Chambres 3 Salles de bains Garage Ascenseur Concierge Chambre rangement Salon européen Antenne parabolique Climatisation Chauffage central Sécurité Double vitrage Porte blindée Cuisine équipée Faites"
https://www.mubawab.tn/fr/pa/8185301/vente-d-appartement-%C3%A0-l-aouina-de-superficie-122-m%C2%B2,122.0,122.0,,Tunis,"Prix à consulter Vente d' appartement à l'Aouina de Superficie 122 m² El Aouina, Tunis 112m² 3 Pièces 2 Chambres 2 Salles de bains Garage Ascenseur Concierge Chambre rangement Salon européen Antenne parabolique Chauffage central Sécurité Double vitrage Porte blindée Cuisine équipée Située dans le quartier stratégique et dynamique de Wahat Aouina, à seulement 10 minutes de l’aéroport et à proximité immédiate du Lac 2, Tunisia Mall, Carrefour La Marsa et de nombreuses commodités, la Résidence Les Colombes vous offre un cadre de vie exceptionnel, à la fois pratique et élégant.

Cette résidence moderne se distingue par :

Deux niveaux de parking en sous-sol pour un stationnement sécurisé et confortable,

Un rez-de-chaussé... Contacter Appelez WhatsApp",0,0,1,"Prix à consulter Vente d' appartement à l'Aouina de Superficie 122 m² El Aouina, Tunis 112m² 3 Pièces 2 Chambres 2 Salles de bains Garage Ascenseur Concierge Chambre rangement Salon européen Antenne parabolique Chauffage central Sécurité Double vitrage Porte blindée Cuisine équipée Située dans le qu"
